sample_id,trace_id,parent_folder,peak_count,mean_peak_amplitude,max_peak_amplitude,stimulus_capsaicin_100nM_has_peak,stimulus_capsaicin_100nM_max_height,stimulus_capsaicin_100nM_peak_time,stimulus_capsaicin_100nM_gradient_time,stimulus_capsaicin_100nM_max_gradient,stimulus_KCl_50mM_has_peak,stimulus_KCl_50mM_max_height,stimulus_KCl_50mM_peak_time,stimulus_KCl_50mM_gradient_time,stimulus_KCl_50mM_max_gradient,stimulus_KCl_75mM_has_peak,stimulus_KCl_75mM_max_height,stimulus_KCl_75mM_peak_time,stimulus_KCl_75mM_gradient_time,stimulus_KCl_75mM_max_gradient,sample_corr_global,stimulus_corr_capsaicin_100nM,stimulus_corr_KCl_50mM,stimulus_corr_KCl_75mM,group
2nd_B1,2nd_B1_0,run_real_data_20260318_174848_real_2nd_B1_ica_mukamel_n_120,6,2.374223929826315,6.937257814428088,True,5.560963582443395,101.10707749542468,99.4569619873391,0.4352723957168151,False,,,,,True,6.937257814428088,303.50124508715606,300.321022471573,0.5763140621252136,0.16791509576982547,0.06584981647142975,0.06736745924551153,0.09088546905999871,Control
2nd_B1,2nd_B1_1,run_real_data_20260318_174848_real_2nd_B1_ica_mukamel_n_120,8,1.968040972207775,7.634354014385607,True,7.634354014385607,100.62704389307251,99.90699348954426,0.9366890504745043,True,1.9346843004821959,201.04407308511594,199.51396597761843,0.24278140231190667,True,4.74105512810055,302.33116318142265,299.84098886922084,0.7473080597243631,0.16791509576982547,0.06584981647142975,0.06736745924551153,0.09088546905999871,Control
2nd_B1,2nd_B1_2,run_real_data_20260318_174848_real_2nd_B1_ica_mukamel_n_120,0,0.0,0.0,False,,,,,False,,,,,False,,,,,0.16791509576982547,0.06584981647142975,0.06736745924551153,0.09088546905999871,Control
2nd_B1,2nd_B1_3,run_real_data_20260318_174848_real_2nd_B1_ica_mukamel_n_120,0,0.0,0.0,False,,,,,False,,,,,False,,,,,0.16791509576982547,0.06584981647142975,0.06736745924551153,0.09088546905999871,Control
2nd_B1,2nd_B1_4,run_real_data_20260318_174848_real_2nd_B1_ica_mukamel_n_120,7,2.4637849619862497,7.839611250451359,True,1.2936834430861925,122.61858330083105,122.01854129789083,1.9319215455663092,True,1.878805456604434,270.8589601272089,249.82748792415467,4.151719456112019,True,7.839611250451359,301.94113587951153,300.53103717260205,0.6836671842102479,0.16791509576982547,0.06584981647142975,0.06736745924551153,0.09088546905999871,Control
2nd_B1,2nd_B1_5,run_real_data_20260318_174848_real_2nd_B1_ica_mukamel_n_120,7,2.4637849619862497,7.839611250451359,True,1.2936834430861925,122.61858330083105,122.01854129789083,1.9319215455663092,True,1.878805456604434,270.8589601272089,249.82748792415467,4.151719456112019,True,7.839611250451359,301.94113587951153,300.53103717260205,0.6836671842102479,0.16791509576982547,0.06584981647142975,0.06736745924551153,0.09088546905999871,Control
2nd_B1,2nd_B1_6,run_real_data_20260318_174848_real_2nd_B1_ica_mukamel_n_120,0,0.0,0.0,False,,,,,False,,,,,False,,,,,0.16791509576982547,0.06584981647142975,0.06736745924551153,0.09088546905999871,Control
2nd_B1,2nd_B1_7,run_real_data_20260318_174848_real_2nd_B1_ica_mukamel_n_120,0,0.0,0.0,False,,,,,False,,,,,False,,,,,0.16791509576982547,0.06584981647142975,0.06736745924551153,0.09088546905999871,Control
2nd_B1,2nd_B1_8,run_real_data_20260318_174848_real_2nd_B1_ica_mukamel_n_120,0,0.0,0.0,False,,,,,False,,,,,False,,,,,0.16791509576982547,0.06584981647142975,0.06736745924551153,0.09088546905999871,Control
2nd_B1,2nd_B1_9,run_real_data_20260318_174848_real_2nd_B1_ica_mukamel_n_120,0,0.0,0.0,False,,,,,False,,,,,False,,,,,0.16791509576982547,0.06584981647142975,0.06736745924551153,0.09088546905999871,Control
2nd_B1,2nd_B1_10,run_real_data_20260318_174848_real_2nd_B1_ica_mukamel_n_120,9,1.8975169202640438,6.573050499405381,True,0.6869560642539673,151.63061414299,108.33758363085416,2.578311944254574,True,2.377876868768082,217.42521976538356,203.2642284959947,2.561743720987964,True,6.573050499405381,301.7611232786295,301.1610812756893,1.4833480983693914,0.16791509576982547,0.06584981647142975,0.06736745924551153,0.09088546905999871,Control
2nd_B1,2nd_B1_11,run_real_data_20260318_174848_real_2nd_B1_ica_mukamel_n_120,7,2.1008318782851303,5.978449114050706,True,2.7973882242678902,101.1970837958657,99.69697878851518,1.6818380394201702,True,1.0027668022179543,223.57565029552066,209.59467162701387,1.951508733415651,True,5.978449114050706,302.03114217995255,300.6210434730431,2.140617443454645,0.16791509576982547,0.06584981647142975,0.06736745924551153,0.09088546905999871,Control
2nd_B1,2nd_B1_12,run_real_data_20260318_174848_real_2nd_B1_ica_mukamel_n_120,7,2.1008318782851303,5.978449114050706,True,2.7973882242678902,101.1970837958657,99.69697878851518,1.6818380394201702,True,1.0027668022179543,223.57565029552066,209.59467162701387,1.951508733415651,True,5.978449114050706,302.03114217995255,300.6210434730431,2.140617443454645,0.16791509576982547,0.06584981647142975,0.06736745924551153,0.09088546905999871,Control
2nd_B1,2nd_B1_13,run_real_data_20260318_174848_real_2nd_B1_ica_mukamel_n_120,6,2.5884259820255244,5.657040918456542,True,5.4782970827910304,99.63697458822116,99.36695568689808,0.6831446601177011,True,5.657040918456542,199.33395337673636,199.1539407758543,0.42164525478834486,True,3.1132457444655746,302.6911883831868,302.21115478083465,0.6756185305816158,0.16791509576982547,0.06584981647142975,0.06736745924551153,0.09088546905999871,Control
2nd_B1,2nd_B1_14,run_real_data_20260318_174848_real_2nd_B1_ica_mukamel_n_120,9,2.1415368687826284,5.5388877194695105,True,5.5388877194695105,100.11700819057333,99.78698508895621,1.8543740963945352,True,1.4057889432670272,219.2253457742042,211.36479553568748,3.07467852197254,True,4.054526250960589,303.171221985539,302.4211694818637,2.778312029608406,0.16791509576982547,0.06584981647142975,0.06736745924551153,0.09088546905999871,Control
2nd_B1,2nd_B1_15,run_real_data_20260318_174848_real_2nd_B1_ica_mukamel_n_120,2,3.916435213042213,5.528549295651787,True,5.528549295651787,100.50703549248446,99.75698298880921,1.9105115325602462,False,,,,,False,,,,,0.16791509576982547,0.06584981647142975,0.06736745924551153,0.09088546905999871,Control
2nd_B1,2nd_B1_16,run_real_data_20260318_174848_real_2nd_B1_ica_mukamel_n_120,9,2.039331055162759,6.168821438427842,True,6.168821438427842,100.23701659116138,100.23701659116138,1.5241651995061891,True,4.473741960361453,200.44403108217574,198.97392817497223,1.557285007015555,True,2.5309040730918917,304.0712849899493,299.2109447661336,1.5335141390110743,0.16791509576982547,0.06584981647142975,0.06736745924551153,0.09088546905999871,Control
2nd_B1,2nd_B1_17,run_real_data_20260318_174848_real_2nd_B1_ica_mukamel_n_120,4,2.5380757786945063,5.619674587287493,True,2.0493523255139423,100.35702499174941,99.57697038792715,1.6133145816227104,False,,,,,True,5.619674587287493,302.7211904833338,301.8211274789235,0.40441797207724317,0.16791509576982547,0.06584981647142975,0.06736745924551153,0.09088546905999871,Control
2nd_B1,2nd_B1_18,run_real_data_20260318_174848_real_2nd_B1_ica_mukamel_n_120,0,0.0,0.0,False,,,,,False,,,,,False,,,,,0.16791509576982547,0.06584981647142975,0.06736745924551153,0.09088546905999871,Control
2nd_A2,2nd_A2_0,run_real_data_20260318_174848_real_2nd_A2_ica_mukamel_n_120,3,4.6033965246605,8.17766102642614,True,8.17766102642614,102.32795344093117,102.14795704085917,0.16846515804896542,False,,,,,True,2.629147038008461,299.5140097198056,299.3940121197576,0.06113363328747505,0.09467338025176694,0.23593214222996034,0.17504469781546428,0.22956040207111594,Control
2nd_A2,2nd_A2_1,run_real_data_20260318_174848_real_2nd_A2_ica_mukamel_n_120,6,2.2832843295489966,8.116793060170922,True,3.2892547311670333,102.08795824083518,99.83800323993519,0.1911155308587457,True,1.9437206179768425,199.4360112797744,198.98602027959438,0.564317790454646,True,8.116793060170922,299.7240055198896,299.3640127197456,-0.003612273189757727,0.09467338025176694,0.23593214222996034,0.17504469781546428,0.22956040207111594,Control
2nd_A2,2nd_A2_2,run_real_data_20260318_174848_real_2nd_A2_ica_mukamel_n_120,3,4.776933351457584,6.98921561961451,True,6.98921561961451,101.24797504049918,98.9980200395992,0.1025081200116753,False,,,,,True,1.573933051037268,299.96400071998556,299.7240055198896,0.060689442067985246,0.09467338025176694,0.23593214222996034,0.17504469781546428,0.22956040207111594,Control
2nd_A2,2nd_A2_3,run_real_data_20260318_174848_real_2nd_A2_ica_mukamel_n_120,3,5.048556836684003,6.499587377179309,True,5.7491090987647695,101.03797924041518,100.28799424011518,0.1327051850452342,True,6.499587377179309,201.05597888042237,199.8260034799304,0.22795580108431585,True,2.896974034107929,300.3239935201296,300.2939941201176,0.0899067977274964,0.09467338025176694,0.23593214222996034,0.17504469781546428,0.22956040207111594,Control
2nd_A2,2nd_A2_4,run_real_data_20260318_174848_real_2nd_A2_ica_mukamel_n_120,0,0.0,0.0,False,,,,,False,,,,,False,,,,,0.09467338025176694,0.23593214222996034,0.17504469781546428,0.22956040207111594,Control
2nd_A2,2nd_A2_5,run_real_data_20260318_174848_real_2nd_A2_ica_mukamel_n_120,0,0.0,0.0,False,,,,,False,,,,,False,,,,,0.09467338025176694,0.23593214222996034,0.17504469781546428,0.22956040207111594,Control
2nd_A2,2nd_A2_6,run_real_data_20260318_174848_real_2nd_A2_ica_mukamel_n_120,6,2.752728140435742,7.519969789766046,True,7.519969789766046,100.01799964000719,100.01799964000719,0.8137049951705363,True,3.1825159116707207,199.58600827983437,199.0160196796064,0.22435593759919947,True,3.4263175175231146,299.6640067198656,299.6640067198656,0.26014949799775744,0.09467338025176694,0.23593214222996034,0.17504469781546428,0.22956040207111594,Control
2nd_A2,2nd_A2_7,run_real_data_20260318_174848_real_2nd_A2_ica_mukamel_n_120,3,4.5764409488052165,8.870015538063107,True,8.870015538063107,101.03797924041518,100.97798044039118,0.10912157191030297,False,,,,,True,1.8012170090781767,299.90400191996156,299.24401511969756,0.09159323803645424,0.09467338025176694,0.23593214222996034,0.17504469781546428,0.22956040207111594,Control
1st_A2,1st_A2_0,run_real_data_20260318_174848_real_1st_A2_ica_mukamel_n_120,3,3.9129160250224846,8.10983861839665,True,8.10983861839665,102.6433436346725,98.98286777281047,0.13787268841988748,True,2.8901793090161334,202.8263674277656,199.16589156590356,0.13070135147970413,False,,,,,0.06125131181673343,0.13521681862067586,0.12170740189055619,0.07188652764004194,Cytokine
1st_A2,1st_A2_1,run_real_data_20260318_174848_real_1st_A2_ica_mukamel_n_120,3,3.8687330321860665,9.425842370172033,True,9.425842370172033,102.16328122655945,100.39305109664257,0.11763209654464767,True,1.3121849123906957,257.82351705721743,205.40670287137328,0.5308913817191243,False,,,,,0.06125131181673343,0.13521681862067586,0.12170740189055619,0.07188652764004194,Cytokine
1st_A2,1st_A2_2,run_real_data_20260318_174848_real_1st_A2_ica_mukamel_n_120,4,2.3453590607781383,4.933844028129355,True,4.933844028129355,100.66308620120616,98.98286777281047,0.4566788341093971,True,1.1118629807294131,200.6360826907498,199.2258993669177,0.286237152224995,False,,,,,0.06125131181673343,0.13521681862067586,0.12170740189055619,0.07188652764004194,Cytokine
1st_A2,1st_A2_3,run_real_data_20260318_174848_real_1st_A2_ica_mukamel_n_120,4,2.082607216656424,3.492316316668611,False,,,,,True,1.0992178268410868,256.5333493354136,211.37747907227939,0.7951804351844763,False,,,,,0.06125131181673343,0.13521681862067586,0.12170740189055619,0.07188652764004194,Cytokine
1st_A2,1st_A2_4,run_real_data_20260318_174848_real_1st_A2_ica_mukamel_n_120,7,1.9989940244847217,7.3634048214066254,True,7.3634048214066254,102.22328902757359,99.79297308650125,0.6458408171596093,True,4.915337604549163,200.99612949683458,200.276035884665,0.5904153588551577,True,0.2518204048893071,354.19604548591315,345.28488703531457,0.6076380980554982,0.06125131181673343,0.13521681862067586,0.12170740189055619,0.07188652764004194,Cytokine
1st_A2,1st_A2_5,run_real_data_20260318_174848_real_1st_A2_ica_mukamel_n_120,3,4.304220861454078,6.7866068425588315,True,4.7094182138818335,103.57346455039155,99.88298478802244,0.11539060592338958,True,6.7866068425588315,201.5962075069759,201.3261724024123,0.22418279419424025,False,,,,,0.06125131181673343,0.13521681862067586,0.12170740189055619,0.07188652764004194,Cytokine
1st_A2,1st_A2_6,run_real_data_20260318_174848_real_1st_A2_ica_mukamel_n_120,5,2.2344751176854136,3.2014661553458597,True,3.2014661553458597,103.1834138437997,99.10288337483873,0.9746940247130524,True,3.051191354164979,203.90650784602,202.4663206216808,0.41156835437656886,False,,,,,0.06125131181673343,0.13521681862067586,0.12170740189055619,0.07188652764004194,Cytokine
1st_A2,1st_A2_7,run_real_data_20260318_174848_real_1st_A2_ica_mukamel_n_120,0,0.0,0.0,False,,,,,False,,,,,False,,,,,0.06125131181673343,0.13521681862067586,0.12170740189055619,0.07188652764004194,Cytokine
1st_A2,1st_A2_8,run_real_data_20260318_174848_real_1st_A2_ica_mukamel_n_120,0,0.0,0.0,False,,,,,False,,,,,False,,,,,0.06125131181673343,0.13521681862067586,0.12170740189055619,0.07188652764004194,Cytokine
1st_A2,1st_A2_9,run_real_data_20260318_174848_real_1st_A2_ica_mukamel_n_120,0,0.0,0.0,False,,,,,False,,,,,False,,,,,0.06125131181673343,0.13521681862067586,0.12170740189055619,0.07188652764004194,Cytokine
1st_A2,1st_A2_10,run_real_data_20260318_174848_real_1st_A2_ica_mukamel_n_120,0,0.0,0.0,False,,,,,False,,,,,False,,,,,0.06125131181673343,0.13521681862067586,0.12170740189055619,0.07188652764004194,Cytokine
1st_A2,1st_A2_11,run_real_data_20260318_174848_real_1st_A2_ica_mukamel_n_120,4,2.5531125896322764,7.1548106123414845,True,7.1548106123414845,102.85337093822197,102.55333193315131,0.5216634764543353,True,2.340952129489602,201.6862192084971,201.6862192084971,0.3450591093591269,False,,,,,0.06125131181673343,0.13521681862067586,0.12170740189055619,0.07188652764004194,Cytokine
1st_A2,1st_A2_12,run_real_data_20260318_174848_real_1st_A2_ica_mukamel_n_120,3,3.7190703416819146,8.677547745145464,True,8.677547745145464,103.42344504785622,101.08314080830507,0.5172282584016268,True,1.3380131134728346,259.05367697800716,235.53061898046747,1.2666251062077083,False,,,,,0.06125131181673343,0.13521681862067586,0.12170740189055619,0.07188652764004194,Cytokine
1st_A2,1st_A2_13,run_real_data_20260318_174848_real_1st_A2_ica_mukamel_n_120,3,4.20824322270733,7.455580517386905,True,7.455580517386905,102.76335923670077,102.67334753517957,0.12053290712697765,True,3.559537077894991,200.18602418314381,199.79597347655195,0.1549205122482925,False,,,,,0.06125131181673343,0.13521681862067586,0.12170740189055619,0.07188652764004194,Cytokine
2nd_A1,2nd_A1_0,run_real_data_20260318_174848_real_2nd_A1_ica_mukamel_n_120,3,3.3038059834749096,8.767232921810935,True,8.767232921810935,102.61333973416544,101.29316811185454,0.06486158462941881,True,0.40612648116266986,200.4560592877074,199.88598517807316,0.029615578949846042,True,0.7380585474511256,300.87911428485705,299.3489153589967,0.03000501546498524,0.071914362448704,0.1897851377503164,0.21555688266637427,0.1604545358201852,Cytokine
2nd_A1,2nd_A1_1,run_real_data_20260318_174848_real_2nd_A1_ica_mukamel_n_120,3,3.5176215819268513,8.82447380625732,True,0.36556114182060573,104.80362447118125,99.73296528548711,0.08137403111136902,True,8.82447380625732,199.6459539740166,199.6459539740166,0.03458116466617447,True,1.362829797702628,300.4590596777581,299.7689699660956,0.07676856821839292,0.071914362448704,0.1897851377503164,0.21555688266637427,0.1604545358201852,Cytokine
2nd_A1,2nd_A1_2,run_real_data_20260318_174848_real_2nd_A1_ica_mukamel_n_120,3,3.395484657889607,9.071194843349458,True,9.071194843349458,102.58333583365837,99.64295358396592,0.06077530104887286,True,1.0039118336634787,199.82597737705902,199.67595787452368,0.062156681902879866,True,0.11134729665588351,302.1092742056467,301.1791532899277,0.08753062602766733,0.071914362448704,0.1897851377503164,0.21555688266637427,0.1604545358201852,Cytokine
2nd_A1,2nd_A1_3,run_real_data_20260318_174848_real_2nd_A1_ica_mukamel_n_120,2,2.780190436890515,3.042224827398987,True,2.5181560463820425,101.5932071169252,100.3630471961355,0.1865408282598129,True,3.042224827398987,201.05613729784872,199.34591496894595,0.21324911241100303,False,,,,,0.071914362448704,0.1897851377503164,0.21555688266637427,0.1604545358201852,Cytokine
2nd_A1,2nd_A1_4,run_real_data_20260318_174848_real_2nd_A1_ica_mukamel_n_120,4,3.659263911122786,7.390959664676319,True,7.390959664676319,102.97338654025023,101.80323442047467,0.0884769762684857,True,3.9954176376466273,201.05613729784872,200.06600858111554,0.1882613536479758,True,0.8386274260633123,300.87911428485705,299.9189894686309,0.10505164153932584,0.071914362448704,0.1897851377503164,0.21555688266637427,0.1604545358201852,Cytokine
2nd_A1,2nd_A1_5,run_real_data_20260318_174848_real_2nd_A1_ica_mukamel_n_120,3,4.880988216855858,6.893213876973354,True,5.68881035694642,103.60346845089862,100.48306279816376,0.21062116108655085,True,6.893213876973354,200.42605538720034,199.31591106843888,0.1415771120105702,True,2.060940416647799,300.99912988688527,299.948993369138,0.10124302028284672,0.071914362448704,0.1897851377503164,0.21555688266637427,0.1604545358201852,Cytokine
2nd_A1,2nd_A1_6,run_real_data_20260318_174848_real_2nd_A1_ica_mukamel_n_120,3,4.911663279020401,6.362212978308681,True,6.041105852877788,103.84349965495514,99.52293798193764,0.3238356336825905,True,6.362212978308681,200.6360826907498,199.61595007350957,0.19169419604865368,True,2.331671005874736,300.7590986828288,299.79897386660264,0.24585739015857283,0.071914362448704,0.1897851377503164,0.21555688266637427,0.1604545358201852,Cytokine
2nd_A1,2nd_A1_7,run_real_data_20260318_174848_real_2nd_A1_ica_mukamel_n_120,5,2.1915895220720456,6.179185753161421,True,1.6327469641351142,103.99351915749047,102.9133787392361,0.11703894027002332,True,0.3717533918555092,199.61595007350957,199.1358876653965,0.1208236946342604,True,6.179185753161421,303.72948483302827,299.88898556812387,1.0504278860869916,0.071914362448704,0.1897851377503164,0.21555688266637427,0.1604545358201852,Cytokine
2nd_A1,2nd_A1_8,run_real_data_20260318_174848_real_2nd_A1_ica_mukamel_n_120,4,3.6847289292392817,8.230547785609788,True,8.230547785609788,103.15340994329263,98.98286777281047,0.5549527555239314,True,1.9709236517688664,200.0960124816226,199.79597347655195,0.5641167919383412,True,3.859831853362,300.99912988688527,300.0690089711662,0.5466116654937292,0.071914362448704,0.1897851377503164,0.21555688266637427,0.1604545358201852,Cytokine
2nd_A1,2nd_A1_9,run_real_data_20260318_174848_real_2nd_A1_ica_mukamel_n_120,0,0.0,0.0,False,,,,,False,,,,,False,,,,,0.071914362448704,0.1897851377503164,0.21555688266637427,0.1604545358201852,Cytokine
2nd_A1,2nd_A1_10,run_real_data_20260318_174848_real_2nd_A1_ica_mukamel_n_120,7,2.214676623140026,8.007550191517256,True,3.750844387783928,104.0535269585046,99.34291457889526,0.9284707224656986,True,2.7905460533196154,199.91598907858022,199.52593837198836,0.50918544641303,True,8.007550191517256,301.41918449398423,299.6189504635603,0.4893088139592856,0.071914362448704,0.1897851377503164,0.21555688266637427,0.1604545358201852,Cytokine
2nd_A1,2nd_A1_11,run_real_data_20260318_174848_real_2nd_A1_ica_mukamel_n_120,8,2.1660851852065113,5.756516667718273,True,5.756516667718273,101.89324612199586,100.57307449968496,1.5904586242552012,True,3.6934498350275495,199.01587206336822,198.98586816286118,0.5339706249551376,True,1.3318878022620104,365.2674847730205,339.79417324252154,2.7189763348383154,0.071914362448704,0.1897851377503164,0.21555688266637427,0.1604545358201852,Cytokine
2nd_A1,2nd_A1_12,run_real_data_20260318_174848_real_2nd_A1_ica_mukamel_n_120,0,0.0,0.0,False,,,,,False,,,,,False,,,,,0.071914362448704,0.1897851377503164,0.21555688266637427,0.1604545358201852,Cytokine
3rd_A1,3rd_A1_0,run_real_data_20260318_174848_real_3rd_A1_ica_mukamel_n_120,3,3.348479770552197,7.839810997860346,True,7.839810997860346,100.2340795870596,99.39379388992256,0.053857721864834035,True,2.04845363963014,200.67823059840345,200.3181081567733,0.029149150014715745,True,0.15717467416610348,300.46215713342536,299.6218714362883,0.03849577491635138,0.04861268336139686,0.20715268983555235,0.146430933752023,0.215666587443679,Cytokine
3rd_A1,3rd_A1_1,run_real_data_20260318_174848_real_3rd_A1_ica_mukamel_n_120,5,3.1234473114994845,6.046565284254671,True,6.046565284254671,103.56521217213852,99.42380409339175,0.41838707699642425,True,4.59608656657182,199.80793469779724,199.14771022147528,0.4466765690577891,True,3.6396010313926723,301.15239181321647,299.9219734709801,0.6663445958273349,0.04861268336139686,0.20715268983555235,0.146430933752023,0.215666587443679,Cytokine
3rd_A1,3rd_A1_2,run_real_data_20260318_174848_real_3rd_A1_ica_mukamel_n_120,3,4.275322541967183,8.801743821681521,True,8.801743821681521,102.33479382990215,100.804273452974,0.20382914992528156,True,2.958084721995164,199.5678530700438,199.29776123882118,0.1674794064778493,True,1.0661390822248642,300.25208570914106,299.3217694015965,0.08199121057020584,0.04861268336139686,0.20715268983555235,0.146430933752023,0.215666587443679,Cytokine
3rd_A1,3rd_A1_3,run_real_data_20260318_174848_real_3rd_A1_ica_mukamel_n_120,5,2.2373305306761937,8.515473594713683,True,8.515473594713683,103.92533461376867,101.76459996398775,0.5901769517481467,True,0.9461490598083785,200.91831222615687,200.5881999879959,0.38055480906212863,True,1.2121436732039719,301.03235099933977,300.58219794730206,0.38178030802106255,0.04861268336139686,0.20715268983555235,0.146430933752023,0.215666587443679,Cytokine
3rd_A1,3rd_A1_4,run_real_data_20260318_174848_real_3rd_A1_ica_mukamel_n_120,0,0.0,0.0,False,,,,,False,,,,,False,,,,,0.04861268336139686,0.20715268983555235,0.146430933752023,0.215666587443679,Cytokine
3rd_A1,3rd_A1_5,run_real_data_20260318_174848_real_3rd_A1_ica_mukamel_n_120,8,1.4752917874973843,9.007857771314269,True,9.007857771314269,103.74527339295359,102.81495708540903,0.43662567521085066,True,1.451744704123284,199.5678530700438,199.44781225616708,0.11783928100878284,True,0.6513419096426147,300.2220755056719,299.3817898085349,0.14456749419262982,0.04861268336139686,0.20715268983555235,0.146430933752023,0.215666587443679,Cytokine
3rd_A1,3rd_A1_6,run_real_data_20260318_174848_real_3rd_A1_ica_mukamel_n_120,3,3.76272130508471,6.5391041321125165,True,4.228985931007403,101.88464077786446,101.01434487725825,0.040597043304541336,True,6.5391041321125165,200.85829181921852,199.50783266310543,0.049083168830219154,True,0.5200738521342082,301.6025448652542,299.3517796050657,0.04148676163082405,0.04861268336139686,0.20715268983555235,0.146430933752023,0.215666587443679,Cytokine
4th_B3,4th_B3_0,run_real_data_20260318_174848_real_4th_B3_ica_mukamel_n_120,4,1.455136841712471,3.197552214785141,True,0.032239523590719195,101.7732305199676,101.71322271895346,0.14540925579030373,True,0.16700094156327838,200.6360826907498,200.6360826907498,0.1694081913123639,True,3.197552214785141,303.9095082360707,301.5992078970266,0.3697450786228825,0.19660079808038075,0.17548635090812456,0.17625407661561113,0.14118739192975327,Control
4th_B3,4th_B3_1,run_real_data_20260318_174848_real_4th_B3_ica_mukamel_n_120,0,0.0,0.0,False,,,,,False,,,,,False,,,,,0.19660079808038075,0.17548635090812456,0.17625407661561113,0.14118739192975327,Control
4th_B3,4th_B3_2,run_real_data_20260318_174848_real_4th_B3_ica_mukamel_n_120,5,1.6756883737297295,2.6218255885538326,True,1.1239220860362633,101.44318761438987,99.94299258903658,0.17992153662283358,True,1.3271665974192264,200.99612949683458,200.57607488973565,0.18381983968231916,True,2.361066518996597,369.67805814755917,341.4143838699031,1.7275769717941045,0.19660079808038075,0.17548635090812456,0.17625407661561113,0.14118739192975327,Control
4th_B3,4th_B3_3,run_real_data_20260318_174848_real_4th_B3_ica_mukamel_n_120,5,3.059840736028921,6.858790167728366,True,2.8332270824807737,101.89324612199586,101.65321491793934,0.24898629543228792,True,4.486496041053936,200.6360826907498,199.10588376488943,0.27364011635126734,True,6.858790167728366,300.3090401752228,299.5889465630532,0.1778008364583235,0.19660079808038075,0.17548635090812456,0.17625407661561113,0.14118739192975327,Control
4th_B3,4th_B3_4,run_real_data_20260318_174848_real_4th_B3_ica_mukamel_n_120,4,3.9507944539346305,5.490760049982585,True,4.961919825057207,102.67334753517957,102.31330072909478,0.22190388006974668,True,5.344590144453739,200.99612949683458,199.91598907858022,0.3009574707366892,True,5.490760049982585,301.74922739956196,301.56920399651955,0.28090637470477736,0.19660079808038075,0.17548635090812456,0.17625407661561113,0.14118739192975327,Control
4th_B3,4th_B3_5,run_real_data_20260318_174848_real_4th_B3_ica_mukamel_n_120,0,0.0,0.0,False,,,,,False,,,,,False,,,,,0.19660079808038075,0.17548635090812456,0.17625407661561113,0.14118739192975327,Control
4th_B3,4th_B3_6,run_real_data_20260318_174848_real_4th_B3_ica_mukamel_n_120,0,0.0,0.0,False,,,,,False,,,,,False,,,,,0.19660079808038075,0.17548635090812456,0.17625407661561113,0.14118739192975327,Control
4th_B3,4th_B3_7,run_real_data_20260318_174848_real_4th_B3_ica_mukamel_n_120,4,3.5101230247425623,5.460816862699108,True,5.1718331568120455,101.2331603108404,100.21302769360017,0.5455701157736729,True,1.596947317552225,242.61153950013502,232.44021722823967,2.0067867216993713,True,5.460816862699108,300.57907527978637,299.82897776710973,0.9197394439913934,0.19660079808038075,0.17548635090812456,0.17625407661561113,0.14118739192975327,Control
4th_B3,4th_B3_8,run_real_data_20260318_174848_real_4th_B3_ica_mukamel_n_120,4,2.664002066643085,5.048290058858448,False,,,,,True,5.048290058858448,200.6360826907498,200.6360826907498,0.7334938173062338,True,2.641967670510003,301.3591766929701,299.79897386660264,0.8786413898251366,0.19660079808038075,0.17548635090812456,0.17625407661561113,0.14118739192975327,Control
1st_B2,1st_B2_0,run_real_data_20260318_174848_real_1st_B2_ica_mukamel_n_120,3,4.182862315939496,8.380677207377905,True,8.380677207377905,101.57796844063118,101.09797804043919,0.10391977057662855,True,3.8443935860506153,201.08597828043438,200.1859962800744,0.1035436853477104,False,,,,,0.08569812779615271,0.05685975454171763,0.038012220974149094,0.042119796451914826,Control
1st_B2,1st_B2_1,run_real_data_20260318_174848_real_1st_B2_ica_mukamel_n_120,3,5.0798567735009295,6.964908180196234,True,5.443875942365534,101.00797984040318,99.29801403971919,0.13382060381420952,False,,,,,True,2.83078619794102,300.2039959200816,298.9740205195896,0.10851742274081246,0.08569812779615271,0.05685975454171763,0.038012220974149094,0.042119796451914826,Control
1st_B2,1st_B2_2,run_real_data_20260318_174848_real_1st_B2_ica_mukamel_n_120,5,2.9906709381035688,6.976610857886349,True,6.976610857886349,101.75796484070318,101.45797084058317,0.3367488357203918,True,5.010278854941351,199.91600167996637,199.5260094798104,0.35796442785262456,True,2.4986914871807118,300.3839923201536,299.4840103197936,0.30892876640741035,0.08569812779615271,0.05685975454171763,0.038012220974149094,0.042119796451914826,Control
1st_B2,1st_B2_3,run_real_data_20260318_174848_real_1st_B2_ica_mukamel_n_120,8,2.1977393627689654,6.594557328020767,True,6.594557328020767,100.49799004019918,100.10799784004318,0.43775385844388537,True,5.804885561872341,199.8260034799304,199.1660166796664,0.41549327418211035,True,0.4819467428545795,329.90340193196135,311.24377512449746,1.1771648662850311,0.08569812779615271,0.05685975454171763,0.038012220974149094,0.042119796451914826,Control
1st_B2,1st_B2_4,run_real_data_20260318_174848_real_1st_B2_ica_mukamel_n_120,0,0.0,0.0,False,,,,,False,,,,,False,,,,,0.08569812779615271,0.05685975454171763,0.038012220974149094,0.042119796451914826,Control
1st_B2,1st_B2_5,run_real_data_20260318_174848_real_1st_B2_ica_mukamel_n_120,0,0.0,0.0,False,,,,,False,,,,,False,,,,,0.08569812779615271,0.05685975454171763,0.038012220974149094,0.042119796451914826,Control
1st_B2,1st_B2_6,run_real_data_20260318_174848_real_1st_B2_ica_mukamel_n_120,8,2.0715435652674854,5.944461087825316,True,5.944461087825316,99.98800023999519,99.9280014399712,0.19337201272368182,True,3.666834986914724,200.69598608027837,200.36599268014638,1.4447069751894883,True,1.708022628745781,301.82396352072954,301.19397612047754,1.7241077085221808,0.08569812779615271,0.05685975454171763,0.038012220974149094,0.042119796451914826,Control
1st_B2,1st_B2_7,run_real_data_20260318_174848_real_1st_B2_ica_mukamel_n_120,0,0.0,0.0,False,,,,,False,,,,,False,,,,,0.08569812779615271,0.05685975454171763,0.038012220974149094,0.042119796451914826,Control
1st_B2,1st_B2_8,run_real_data_20260318_174848_real_1st_B2_ica_mukamel_n_120,0,0.0,0.0,False,,,,,False,,,,,False,,,,,0.08569812779615271,0.05685975454171763,0.038012220974149094,0.042119796451914826,Control
1st_B2,1st_B2_9,run_real_data_20260318_174848_real_1st_B2_ica_mukamel_n_120,0,0.0,0.0,False,,,,,False,,,,,False,,,,,0.08569812779615271,0.05685975454171763,0.038012220974149094,0.042119796451914826,Control
1st_B2,1st_B2_10,run_real_data_20260318_174848_real_1st_B2_ica_mukamel_n_120,6,2.111724894467878,7.988152916436497,True,7.988152916436497,99.5080098398032,99.3580128397432,1.5637102458746892,True,1.8651110389111136,202.97594048119035,198.98602027959438,0.7995752532434929,True,0.8995889433405371,360.86278274434505,341.5431691366172,2.2266005867977534,0.08569812779615271,0.05685975454171763,0.038012220974149094,0.042119796451914826,Control
5th_B3,5th_B3_0,run_real_data_20260318_174848_real_5th_B3_ica_mukamel_n_120,4,2.481357983087096,8.9915682812189,True,8.9915682812189,101.78796424071517,100.61798764024718,0.054067412032862465,False,,,,,False,,,,,0.10882812233571976,0.21129216160175943,0.1709758668088769,0.17584206356897975,Cytokine
5th_B3,5th_B3_1,run_real_data_20260318_174848_real_5th_B3_ica_mukamel_n_120,9,1.7482150474601825,7.69944143937361,True,7.69944143937361,101.54796904061918,100.73798524029519,0.32324660840159253,True,0.424252522968606,269.6946061078778,215.30569388612227,0.6943816068469031,True,0.5588400289776857,301.52396952060957,301.49397012059757,0.3348317891372749,0.10882812233571976,0.21129216160175943,0.1709758668088769,0.17584206356897975,Cytokine
5th_B3,5th_B3_2,run_real_data_20260318_174848_real_5th_B3_ica_mukamel_n_120,5,2.8306679290250893,5.911856741271971,True,5.157647621191981,103.19793604127916,98.9980200395992,0.36752927245272554,True,5.911856741271971,199.0160196796064,199.0160196796064,0.2086522445410305,True,0.38674435318692457,303.68392632147356,302.00395992080155,0.4303689714774328,0.10882812233571976,0.21129216160175943,0.1709758668088769,0.17584206356897975,Cytokine
5th_B3,5th_B3_3,run_real_data_20260318_174848_real_5th_B3_ica_mukamel_n_120,5,1.5049767458889627,4.5368617711117185,True,4.5368617711117185,102.05795884082318,99.26801463970719,0.48819894863207247,False,,,,,True,0.7130947527125119,300.1439971200576,299.4840103197936,0.5030176068413562,0.10882812233571976,0.21129216160175943,0.1709758668088769,0.17584206356897975,Cytokine
5th_B3,5th_B3_4,run_real_data_20260318_174848_real_5th_B3_ica_mukamel_n_120,4,3.2638293068695043,6.541670820778306,True,2.740474016843436,101.24797504049918,99.5680086398272,0.12644053774702252,True,3.403450083313704,201.32597348053037,199.1060178796424,0.16971437619844967,True,0.36972230654257304,299.96400071998556,299.15401691966156,0.2249966115729466,0.10882812233571976,0.21129216160175943,0.1709758668088769,0.17584206356897975,Cytokine
5th_B3,5th_B3_5,run_real_data_20260318_174848_real_5th_B3_ica_mukamel_n_120,3,3.9470909189343124,5.880021988169393,True,3.927461044153218,102.14795704085917,102.02795944081117,0.10723107714593581,False,,,,,True,2.033789724480326,300.8939821203576,299.81400371992555,0.061038810498910336,0.10882812233571976,0.21129216160175943,0.1709758668088769,0.17584206356897975,Cytokine
5th_B3,5th_B3_6,run_real_data_20260318_174848_real_5th_B3_ica_mukamel_n_120,4,3.4349912344130518,7.151731320270244,True,7.151731320270244,102.26795464090718,101.99796004079917,0.42761604858106117,True,4.795940528882026,200.06599868002638,199.25601487970238,0.4170285785576035,True,1.3922138979881133,301.82396352072954,301.82396352072954,0.27127936745284026,0.10882812233571976,0.21129216160175943,0.1709758668088769,0.17584206356897975,Cytokine
5th_B3,5th_B3_7,run_real_data_20260318_174848_real_5th_B3_ica_mukamel_n_120,0,0.0,0.0,False,,,,,False,,,,,False,,,,,0.10882812233571976,0.21129216160175943,0.1709758668088769,0.17584206356897975,Cytokine
5th_B3,5th_B3_8,run_real_data_20260318_174848_real_5th_B3_ica_mukamel_n_120,0,0.0,0.0,False,,,,,False,,,,,False,,,,,0.10882812233571976,0.21129216160175943,0.1709758668088769,0.17584206356897975,Cytokine
5th_B3,5th_B3_9,run_real_data_20260318_174848_real_5th_B3_ica_mukamel_n_120,0,0.0,0.0,False,,,,,False,,,,,False,,,,,0.10882812233571976,0.21129216160175943,0.1709758668088769,0.17584206356897975,Cytokine
5th_B3,5th_B3_10,run_real_data_20260318_174848_real_5th_B3_ica_mukamel_n_120,0,0.0,0.0,False,,,,,False,,,,,False,,,,,0.10882812233571976,0.21129216160175943,0.1709758668088769,0.17584206356897975,Cytokine
5th_B3,5th_B3_11,run_real_data_20260318_174848_real_5th_B3_ica_mukamel_n_120,5,2.825113971988764,6.0022107477562345,True,2.631349840677161,99.3880122397552,99.3880122397552,0.2046634717113454,True,6.0022107477562345,201.38597228055437,200.4859902801944,0.4586589236754535,True,4.615614813912007,301.5839683206336,300.2939941201176,0.048194367466274125,0.10882812233571976,0.21129216160175943,0.1709758668088769,0.17584206356897975,Cytokine
5th_B3,5th_B3_12,run_real_data_20260318_174848_real_5th_B3_ica_mukamel_n_120,3,3.40473869919432,6.767663125881374,True,3.071620792853238,102.56794864102717,99.4180116397672,0.11134996557250931,True,6.767663125881374,200.45599088018238,200.30599388012237,0.12994900425572734,False,,,,,0.10882812233571976,0.21129216160175943,0.1709758668088769,0.17584206356897975,Cytokine
1st_B1,1st_B1_0,run_real_data_20260318_174848_real_1st_B1_ica_mukamel_n_120,7,2.0620246717053172,7.754093841998257,True,7.754093841998257,102.29795404091917,101.03797924041518,0.5311713102179255,True,1.4153486257157362,200.60598788024237,199.3760124797504,0.6493466078271721,True,4.448963947243743,304.4939101217975,302.21395572088556,0.8561213212489902,0.07056862721270744,0.05334389124596552,0.03495397533149454,0.06585266533487481,Cytokine
1st_B1,1st_B1_1,run_real_data_20260318_174848_real_1st_B1_ica_mukamel_n_120,0,0.0,0.0,False,,,,,False,,,,,False,,,,,0.07056862721270744,0.05334389124596552,0.03495397533149454,0.06585266533487481,Cytokine
1st_B1,1st_B1_2,run_real_data_20260318_174848_real_1st_B1_ica_mukamel_n_120,7,2.3992339149949564,5.028078950389247,True,5.028078950389247,101.06797864042719,99.1480170396592,1.9078746570340541,True,4.72437680896231,200.72598548029038,199.4660106797864,0.9651964381727526,True,2.7800645103068855,303.56392872142555,302.84394312113756,1.9153023673699185,0.07056862721270744,0.05334389124596552,0.03495397533149454,0.06585266533487481,Cytokine
1st_B1,1st_B1_3,run_real_data_20260318_174848_real_1st_B1_ica_mukamel_n_120,0,0.0,0.0,False,,,,,False,,,,,False,,,,,0.07056862721270744,0.05334389124596552,0.03495397533149454,0.06585266533487481,Cytokine
1st_B1,1st_B1_4,run_real_data_20260318_174848_real_1st_B1_ica_mukamel_n_120,0,0.0,0.0,False,,,,,False,,,,,False,,,,,0.07056862721270744,0.05334389124596552,0.03495397533149454,0.06585266533487481,Cytokine
1st_B1,1st_B1_5,run_real_data_20260318_174848_real_1st_B1_ica_mukamel_n_120,5,2.660749649693633,7.387667864594034,True,4.864023501266518,100.46799064018718,99.80800383992319,0.28819314903009957,True,0.7777794630344492,200.42599148017038,199.91600167996637,0.2312451059824872,True,7.387667864594034,302.99394012119757,301.88396232075354,0.356371984166483,0.07056862721270744,0.05334389124596552,0.03495397533149454,0.06585266533487481,Cytokine
1st_B3,1st_B3_0,run_real_data_20260318_174848_real_1st_B3_ica_mukamel_n_120,2,5.203999920491267,8.591467207878843,True,8.591467207878843,103.47518156173098,99.21373266910749,0.07172611236661132,True,1.816532633103691,202.83896524818437,201.00834283656442,0.05507537645829091,False,,,,,0.07965645815456543,0.13068117455553876,0.13192683807503344,0.11794387142049031,Control
1st_B3,1st_B3_1,run_real_data_20260318_174848_real_1st_B3_ica_mukamel_n_120,3,2.216452274283979,4.091139340800388,True,4.091139340800388,103.20508973050836,102.45483464377888,0.5236680374729346,True,1.3983872974812923,200.97833263309525,200.82828161574935,0.3500582017363981,False,,,,,0.07965645815456543,0.13068117455553876,0.13192683807503344,0.11794387142049031,Control
1st_B3,1st_B3_2,run_real_data_20260318_174848_real_1st_B3_ica_mukamel_n_120,3,2.560778284650767,3.754128897942539,True,3.754128897942539,102.24476321949462,101.13438569113498,1.036769980125674,False,,,,,False,,,,,0.07965645815456543,0.13068117455553876,0.13192683807503344,0.11794387142049031,Control
1st_B3,1st_B3_3,run_real_data_20260318_174848_real_1st_B3_ica_mukamel_n_120,3,4.170303223098508,5.324393102662694,True,2.8536832563960313,103.14506932357,100.44415101134385,0.3338883176916665,True,5.324393102662694,204.21943460776663,203.949342776544,0.42322959682281763,True,4.332833310236799,303.13306524218234,302.53286117279873,0.371434127652382,0.07965645815456543,0.13068117455553876,0.13192683807503344,0.11794387142049031,Control
1st_B3,1st_B3_4,run_real_data_20260318_174848_real_1st_B3_ica_mukamel_n_120,3,1.440964412118099,3.234477849498744,True,0.5568065732731377,129.73410959726306,129.5240381729788,0.7412970566807746,False,,,,,False,,,,,0.07965645815456543,0.13068117455553876,0.13192683807503344,0.11794387142049031,Control
1st_B3,1st_B3_5,run_real_data_20260318_174848_real_1st_B3_ica_mukamel_n_120,3,3.859646087367429,6.322569741978797,True,6.322569741978797,104.97569173518995,101.16439589460416,0.606410431409005,True,3.619217320357623,201.21841426084868,199.08768981453693,0.16743238553886788,False,,,,,0.07965645815456543,0.13068117455553876,0.13192683807503344,0.11794387142049031,Control
1st_B3,1st_B3_6,run_real_data_20260318_174848_real_1st_B3_ica_mukamel_n_120,3,3.72724139825848,8.343023176049169,True,8.343023176049169,103.68525298601524,101.49450813276513,0.48893994099501326,True,2.448497498709976,203.64924074185222,199.29776123882118,0.349451881743299,True,0.390203520016297,303.07304483524393,300.912310185463,0.33462652166442747,0.07965645815456543,0.13068117455553876,0.13192683807503344,0.11794387142049031,Control
1st_B3,1st_B3_7,run_real_data_20260318_174848_real_1st_B3_ica_mukamel_n_120,3,4.656072948091413,4.752568688431499,True,4.752568688431499,104.19542644499128,99.33377348298421,0.2667935342519377,True,4.471617601132387,200.4681591741192,199.35778164575953,0.22992037899344153,True,4.744032554710355,302.26276934157613,300.9423203889322,0.22080972965169066,0.07965645815456543,0.13068117455553876,0.13192683807503344,0.11794387142049031,Control
1st_B3,1st_B3_8,run_real_data_20260318_174848_real_1st_B3_ica_mukamel_n_120,4,1.8957816134071213,3.529598690947312,True,0.6768557385470794,183.06224116199508,148.1303643238701,0.6780173132597868,False,,,,,True,0.10188061486010334,300.4921673368945,299.9519836744493,0.18836344200917776,0.07965645815456543,0.13068117455553876,0.13192683807503344,0.11794387142049031,Control
1st_B3,1st_B3_9,run_real_data_20260318_174848_real_1st_B3_ica_mukamel_n_120,4,3.2447477177104305,6.122289933851871,True,6.122289933851871,105.69593661845026,100.02400816277533,0.41243189306443667,True,5.280131508144915,201.27843466778702,199.65788368045133,0.16383854240324766,True,1.1120355532540531,300.5221775403637,299.8019326571034,0.22769325205512123,0.07965645815456543,0.13068117455553876,0.13192683807503344,0.11794387142049031,Control
1st_B3,1st_B3_10,run_real_data_20260318_174848_real_1st_B3_ica_mukamel_n_120,5,2.9703432988744902,7.60673212763681,True,5.5541832084111515,104.7656203109057,103.77528359642278,0.6536573826097124,True,7.60673212763681,202.41882239961586,202.41882239961586,0.9683288075728551,True,0.7474589450101272,387.34169617670005,336.77450333113256,1.1493884032212567,0.07965645815456543,0.13068117455553876,0.13192683807503344,0.11794387142049031,Control
1st_B3,1st_B3_11,run_real_data_20260318_174848_real_1st_B3_ica_mukamel_n_120,0,0.0,0.0,False,,,,,False,,,,,False,,,,,0.07965645815456543,0.13068117455553876,0.13192683807503344,0.11794387142049031,Control
1st_B3,1st_B3_12,run_real_data_20260318_174848_real_1st_B3_ica_mukamel_n_120,6,2.3310660728003234,5.562956701727798,True,3.9136281083957143,103.17507952703919,100.56419182522056,1.3768989915067167,True,5.562956701727798,201.84862853370143,199.8679551047356,1.9285771726348975,True,0.7620822877852268,344.9372786747494,321.0491567132825,2.242634625583411,0.07965645815456543,0.13068117455553876,0.13192683807503344,0.11794387142049031,Control
1st_B3,1st_B3_13,run_real_data_20260318_174848_real_1st_B3_ica_mukamel_n_120,0,0.0,0.0,False,,,,,False,,,,,False,,,,,0.07965645815456543,0.13068117455553876,0.13192683807503344,0.11794387142049031,Control
1st_B3,1st_B3_14,run_real_data_20260318_174848_real_1st_B3_ica_mukamel_n_120,0,0.0,0.0,False,,,,,False,,,,,False,,,,,0.07965645815456543,0.13068117455553876,0.13192683807503344,0.11794387142049031,Control
1st_B3,1st_B3_15,run_real_data_20260318_174848_real_1st_B3_ica_mukamel_n_120,5,2.269707836962715,5.449160204073628,True,5.449160204073628,102.90498769581657,99.09369185523077,1.0337213264883358,True,1.7415753547160875,201.27843466778702,200.8883020226877,0.8117894462035177,True,1.558314757751713,365.10413540603804,329.21193205689934,2.1409039419650586,0.07965645815456543,0.13068117455553876,0.13192683807503344,0.11794387142049031,Control
1st_B3,1st_B3_16,run_real_data_20260318_174848_real_1st_B3_ica_mukamel_n_120,0,0.0,0.0,False,,,,,False,,,,,False,,,,,0.07965645815456543,0.13068117455553876,0.13192683807503344,0.11794387142049031,Control
1st_B3,1st_B3_17,run_real_data_20260318_174848_real_1st_B3_ica_mukamel_n_120,4,3.6675705968957715,5.319720898107867,True,5.291290545926401,104.88566112478242,102.33479382990215,1.2377138797465725,True,5.319720898107867,201.66856731288635,199.5678530700438,0.5716797218705253,True,2.5875810083320845,301.9626673068843,300.9723305924014,0.17233883642336076,0.07965645815456543,0.13068117455553876,0.13192683807503344,0.11794387142049031,Control
1st_B3,1st_B3_18,run_real_data_20260318_174848_real_1st_B3_ica_mukamel_n_120,6,2.335613414127549,8.003197592062879,True,8.003197592062879,103.02502850969329,100.20406938359041,0.6658584456152599,True,4.220832069718743,203.28911830022207,202.38881219614666,0.9824704651611553,True,0.24426748677732443,371.79641077966505,362.6432987215653,0.9644413651045686,0.07965645815456543,0.13068117455553876,0.13192683807503344,0.11794387142049031,Control
1st_B3,1st_B3_19,run_real_data_20260318_174848_real_1st_B3_ica_mukamel_n_120,5,2.7804364886750865,7.463711233211348,True,7.463711233211348,104.82564071784405,100.20406938359041,0.5704790882119566,True,1.5517086872044712,201.3084448712562,200.97833263309525,0.2509494701332303,True,4.185928762226473,303.07304483524393,302.1427285276994,0.4182742236508774,0.07965645815456543,0.13068117455553876,0.13192683807503344,0.11794387142049031,Control
1st_A3,1st_A3_0,run_real_data_20260318_174848_real_1st_A3_ica_mukamel_n_120,3,4.644896004575357,6.209177437666877,True,6.209177437666877,102.67334753517957,100.12301599207896,0.11728867751290896,True,4.35215063638412,199.31591106843888,199.10588376488943,0.058950027435242976,True,3.3733599396750726,301.53920009601245,300.0090011701521,0.04447292519648588,0.08924908696704002,0.1251512513154213,0.1498414396635646,0.18025781956024475,Cytokine
1st_A3,1st_A3_1,run_real_data_20260318_174848_real_1st_A3_ica_mukamel_n_120,3,4.3012676436043575,8.374225931575378,True,8.374225931575378,103.93351135647634,99.01287167331753,0.08339562428606608,False,,,,,True,2.469336822582071,300.7891025833358,300.6390830808005,0.06249807004695231,0.08924908696704002,0.1251512513154213,0.1498414396635646,0.18025781956024475,Cytokine
1st_A3,1st_A3_2,run_real_data_20260318_174848_real_1st_A3_ica_mukamel_n_120,4,3.1105295921745233,8.70181207996513,True,8.70181207996513,103.87350355546221,99.85298088751537,0.1350982051306637,False,,,,,True,2.1265538175836736,300.96912598637823,300.7590986828288,0.0680626441014118,0.08924908696704002,0.1251512513154213,0.1498414396635646,0.18025781956024475,Cytokine
1st_A3,1st_A3_3,run_real_data_20260318_174848_real_1st_A3_ica_mukamel_n_120,0,0.0,0.0,False,,,,,False,,,,,False,,,,,0.08924908696704002,0.1251512513154213,0.1498414396635646,0.18025781956024475,Cytokine
1st_A3,1st_A3_4,run_real_data_20260318_174848_real_1st_A3_ica_mukamel_n_120,4,3.4331007951191737,6.6384684455833884,True,6.6384684455833884,103.78349185394102,103.57346455039155,1.0800364169700198,True,2.878111314062213,200.4560592877074,198.98586816286118,0.4158087891852689,True,3.4073834895339816,300.9091181853641,300.39905187674395,0.9693941656955697,0.08924908696704002,0.1251512513154213,0.1498414396635646,0.18025781956024475,Cytokine
1st_A3,1st_A3_5,run_real_data_20260318_174848_real_1st_A3_ica_mukamel_n_120,0,0.0,0.0,False,,,,,False,,,,,False,,,,,0.08924908696704002,0.1251512513154213,0.1498414396635646,0.18025781956024475,Cytokine
1st_A3,1st_A3_6,run_real_data_20260318_174848_real_1st_A3_ica_mukamel_n_120,0,0.0,0.0,False,,,,,False,,,,,False,,,,,0.08924908696704002,0.1251512513154213,0.1498414396635646,0.18025781956024475,Cytokine
1st_A3,1st_A3_7,run_real_data_20260318_174848_real_1st_A3_ica_mukamel_n_120,0,0.0,0.0,False,,,,,False,,,,,False,,,,,0.08924908696704002,0.1251512513154213,0.1498414396635646,0.18025781956024475,Cytokine
1st_A3,1st_A3_8,run_real_data_20260318_174848_real_1st_A3_ica_mukamel_n_120,0,0.0,0.0,False,,,,,False,,,,,False,,,,,0.08924908696704002,0.1251512513154213,0.1498414396635646,0.18025781956024475,Cytokine
1st_A3,1st_A3_9,run_real_data_20260318_174848_real_1st_A3_ica_mukamel_n_120,0,0.0,0.0,False,,,,,False,,,,,False,,,,,0.08924908696704002,0.1251512513154213,0.1498414396635646,0.18025781956024475,Cytokine
1st_A3,1st_A3_10,run_real_data_20260318_174848_real_1st_A3_ica_mukamel_n_120,0,0.0,0.0,False,,,,,False,,,,,False,,,,,0.08924908696704002,0.1251512513154213,0.1498414396635646,0.18025781956024475,Cytokine
1st_A3,1st_A3_11,run_real_data_20260318_174848_real_1st_A3_ica_mukamel_n_120,4,3.368469502841157,7.0924770046213785,True,7.0924770046213785,104.0535269585046,103.48345284887036,0.1392371899554537,True,0.012913814412836434,232.11017432266195,214.34786522247893,0.2571406427788538,True,3.0779936710862033,300.6090791802934,300.57907527978637,0.11205103789286053,0.08924908696704002,0.1251512513154213,0.1498414396635646,0.18025781956024475,Cytokine
1st_A3,1st_A3_12,run_real_data_20260318_174848_real_1st_A3_ica_mukamel_n_120,4,3.197415729124081,8.460035512353901,True,8.460035512353901,101.74322661946053,101.65321491793934,0.045650160311065585,True,1.9490107206593634,200.4560592877074,199.01587206336822,0.08722527634581913,True,1.8691744921085607,300.6090791802934,299.7689699660956,0.05145715083792839,0.08924908696704002,0.1251512513154213,0.1498414396635646,0.18025781956024475,Cytokine
1st_A3,1st_A3_13,run_real_data_20260318_174848_real_1st_A3_ica_mukamel_n_120,3,4.712414562451737,7.4077570191079145,True,7.4077570191079145,102.6433436346725,101.053136907798,0.14589863133844488,True,3.7301385752493634,203.03639473131506,202.4663206216808,0.12905722376021123,True,2.9993480929979315,301.47919229499837,299.4089231600108,0.09265619197910156,0.08924908696704002,0.1251512513154213,0.1498414396635646,0.18025781956024475,Cytokine
1st_A3,1st_A3_14,run_real_data_20260318_174848_real_1st_A3_ica_mukamel_n_120,4,2.6184216985124693,3.5322586511426786,True,2.9880785102388154,101.74322661946053,99.8229769870083,0.09806706406223906,True,3.0212272811844794,199.5859461730025,199.5859461730025,0.03963182978973639,True,0.9321223514839033,301.9592547031114,301.4491883944913,0.06322874107557404,0.08924908696704002,0.1251512513154213,0.1498414396635646,0.18025781956024475,Cytokine
1st_A3,1st_A3_15,run_real_data_20260318_174848_real_1st_A3_ica_mukamel_n_120,3,4.508264948156808,5.222945155925241,True,3.212534057900571,102.19328512706652,100.15301989258603,0.06210687792186115,True,5.222945155925241,200.30603978517206,199.01587206336822,0.035141945932332996,True,5.089315630644612,300.1890245731945,298.98886855291187,0.02724179125800779,0.08924908696704002,0.1251512513154213,0.1498414396635646,0.18025781956024475,Cytokine
4th_A3,4th_A3_0,run_real_data_20260318_174848_real_4th_A3_ica_mukamel_n_120,3,4.340203326124129,8.231020431578166,True,8.231020431578166,103.24342164481382,100.5430705991779,0.07504561015224749,True,1.6564491571378517,200.75609829277806,199.28590716793184,0.06822197710596391,True,3.1331403896563708,302.58933661375977,301.38918059347714,0.10655166594635285,0.07262318312113042,0.13076639725615133,0.0966128400795129,0.11033857038372394,Cytokine
4th_A3,4th_A3_1,run_real_data_20260318_174848_real_4th_A3_ica_mukamel_n_120,3,4.425176398409309,6.105194674229045,True,6.105194674229045,104.44357766509646,103.27342554532089,0.21927236553198626,True,5.843512123177488,201.77623091001828,200.276035884665,0.2167512330812508,True,1.3268223978213918,302.1992859071679,300.6390830808005,0.106785278175955,0.07262318312113042,0.13076639725615133,0.0966128400795129,0.11033857038372394,Cytokine
4th_A3,4th_A3_2,run_real_data_20260318_174848_real_4th_A3_ica_mukamel_n_120,4,4.0092489490417655,5.822868639335833,True,4.125154907681342,103.81349575444807,102.16328122655945,0.33097664793908343,True,5.62328453002363,201.74622700951124,199.76596957604488,0.4549430879393588,True,5.822868639335833,303.60946923100005,303.42944582795764,0.5730027779577457,0.07262318312113042,0.13076639725615133,0.0966128400795129,0.11033857038372394,Cytokine
4th_A3,4th_A3_3,run_real_data_20260318_174848_real_4th_A3_ica_mukamel_n_120,5,2.7726993615067173,5.714011095111302,True,5.714011095111302,104.59359716763178,99.61294968345885,1.3417710068565263,True,1.5663420518697089,265.5945272885475,248.4322961985058,2.222737889373086,True,2.543900947522208,304.059527738606,303.99951993759186,1.2018359565043655,0.07262318312113042,0.13076639725615133,0.0966128400795129,0.11033857038372394,Cytokine
4th_A3,4th_A3_4,run_real_data_20260318_174848_real_4th_A3_ica_mukamel_n_120,5,2.3275443669770817,8.781484504788008,True,0.5529454212307364,105.31369077980138,102.94338263974316,0.40471473192511537,True,8.781484504788008,200.6360826907498,200.51606708872154,0.5131234523267536,True,1.2372353913098642,302.7393561162951,302.4093132107174,0.6194497344131298,0.07262318312113042,0.13076639725615133,0.0966128400795129,0.11033857038372394,Cytokine
4th_A3,4th_A3_5,run_real_data_20260318_174848_real_4th_A3_ica_mukamel_n_120,2,2.6639221145642686,3.121336228886143,False,,,,,True,3.121336228886143,225.1792733055297,205.1366677668097,1.5423656919055129,False,,,,,0.07262318312113042,0.13076639725615133,0.0966128400795129,0.11033857038372394,Cytokine
4th_A3,4th_A3_6,run_real_data_20260318_174848_real_4th_A3_ica_mukamel_n_120,4,2.8933793631077167,4.628325613680925,True,2.0566813293059267,104.4135737645894,103.72348405292688,1.1435680613966475,True,3.1006792092485282,199.43592667046715,199.01587206336822,0.9106087911732799,True,4.628325613680925,303.9095082360707,300.0090011701521,1.1811930694344643,0.07262318312113042,0.13076639725615133,0.0966128400795129,0.11033857038372394,Cytokine
4th_A3,4th_A3_7,run_real_data_20260318_174848_real_4th_A3_ica_mukamel_n_120,4,3.4314841718011744,5.7328621374768804,True,4.190931827815221,102.13327732605238,99.67295748447297,1.2553180913889688,True,2.375887564317728,203.75648834348465,200.24603198415792,1.248924366437135,True,5.7328621374768804,302.1092742056467,299.6189504635603,1.0030839399256464,0.07262318312113042,0.13076639725615133,0.0966128400795129,0.11033857038372394,Cytokine
4th_A3,4th_A3_8,run_real_data_20260318_174848_real_4th_A3_ica_mukamel_n_120,0,0.0,0.0,False,,,,,False,,,,,False,,,,,0.07262318312113042,0.13076639725615133,0.0966128400795129,0.11033857038372394,Cytokine
4th_A3,4th_A3_9,run_real_data_20260318_174848_real_4th_A3_ica_mukamel_n_120,0,0.0,0.0,False,,,,,False,,,,,False,,,,,0.07262318312113042,0.13076639725615133,0.0966128400795129,0.11033857038372394,Cytokine
4th_A3,4th_A3_10,run_real_data_20260318_174848_real_4th_A3_ica_mukamel_n_120,4,2.6431388435032868,4.240905957538391,True,3.1492277084290228,102.70335143568664,100.93312130576975,0.7635728702766834,True,1.1460391041278635,199.19589546641063,199.16589156590356,0.5160643010394148,True,4.240905957538391,302.229289807675,299.4689309610249,1.8349092717257667,0.07262318312113042,0.13076639725615133,0.0966128400795129,0.11033857038372394,Cytokine
4th_A3,4th_A3_11,run_real_data_20260318_174848_real_4th_A3_ica_mukamel_n_120,0,0.0,0.0,False,,,,,False,,,,,False,,,,,0.07262318312113042,0.13076639725615133,0.0966128400795129,0.11033857038372394,Cytokine
4th_A3,4th_A3_12,run_real_data_20260318_174848_real_4th_A3_ica_mukamel_n_120,5,2.8389714608169494,6.6951561023325254,True,3.099049784068317,104.53358936661766,100.66308620120616,1.0374124921714432,True,1.9162752013458508,200.42605538720034,199.70596177503074,0.9940039002820388,True,6.6951561023325254,302.0792703051397,299.7389660655885,0.7409832672753759,0.07262318312113042,0.13076639725615133,0.0966128400795129,0.11033857038372394,Cytokine
4th_A3,4th_A3_13,run_real_data_20260318_174848_real_4th_A3_ica_mukamel_n_120,3,4.510427763784386,6.002679007501352,True,3.144188742594524,104.20354646103993,102.61333973416544,0.463580171391739,True,4.384415541257281,200.39605148669327,199.40592276996009,0.3854682453126484,True,6.002679007501352,303.00939122085873,299.3189114584896,0.6198896323610497,0.07262318312113042,0.13076639725615133,0.0966128400795129,0.11033857038372394,Cytokine
4th_A3,4th_A3_14,run_real_data_20260318_174848_real_4th_A3_ica_mukamel_n_120,0,0.0,0.0,False,,,,,False,,,,,False,,,,,0.07262318312113042,0.13076639725615133,0.0966128400795129,0.11033857038372394,Cytokine
4th_A3,4th_A3_15,run_real_data_20260318_174848_real_4th_A3_ica_mukamel_n_120,0,0.0,0.0,False,,,,,False,,,,,False,,,,,0.07262318312113042,0.13076639725615133,0.0966128400795129,0.11033857038372394,Cytokine
4th_A3,4th_A3_16,run_real_data_20260318_174848_real_4th_A3_ica_mukamel_n_120,6,2.725804691819826,6.6756409977125095,True,6.6756409977125095,104.20354646103993,100.96312520627681,0.5066840786796313,True,4.167045523375612,200.66608659125686,199.67595787452368,0.4036472133607552,True,5.103448332262432,303.2494224249152,300.1890245731945,0.2647310951431123,0.07262318312113042,0.13076639725615133,0.0966128400795129,0.11033857038372394,Cytokine
4th_A3,4th_A3_17,run_real_data_20260318_174848_real_4th_A3_ica_mukamel_n_120,3,4.600025840121054,6.90789039801927,True,2.6298765815092335,104.11353475951873,101.89324612199586,0.2978681667104237,True,6.90789039801927,201.71622310900418,200.42605538720034,0.3513211740982713,True,4.262310540834658,303.30943022592936,299.6189504635603,0.29898326393315977,0.07262318312113042,0.13076639725615133,0.0966128400795129,0.11033857038372394,Cytokine
4th_A3,4th_A3_18,run_real_data_20260318_174848_real_4th_A3_ica_mukamel_n_120,4,3.356628770905801,7.387410822445765,True,3.7702245641242427,103.87350355546221,101.20315641033334,0.3686258600998429,True,1.6748994190698374,199.8559812775661,199.16589156590356,-0.015746839446095985,True,7.387410822445765,302.16928200666086,299.52893876203905,0.3460136419212308,0.07262318312113042,0.13076639725615133,0.0966128400795129,0.11033857038372394,Cytokine
4th_A3,4th_A3_19,run_real_data_20260318_174848_real_4th_A3_ica_mukamel_n_120,3,4.01417299636067,7.298788154617124,True,3.8153377683347647,104.98364787422365,100.60307840019202,0.1145643128813519,True,7.298788154617124,200.51606708872154,200.21602808365088,0.10039849793789368,True,0.928393066130121,303.42944582795764,300.0990128716733,0.12122498615591734,0.07262318312113042,0.13076639725615133,0.0966128400795129,0.11033857038372394,Cytokine
3rd_B2,3rd_B2_0,run_real_data_20260318_174848_real_3rd_B2_ica_mukamel_n_120,5,3.068795044065757,7.273773695440877,True,7.273773695440877,104.80362447118125,104.68360886915299,0.1918136484544755,True,2.0535571606822627,199.91598907858022,199.46593057097422,0.2234755224838583,True,5.2573613516425475,300.15902067268746,299.88898556812387,0.2390290807422397,0.09531850336460607,0.1148460180034815,0.054049209339980614,0.05596090719386736,Control
3rd_B2,3rd_B2_1,run_real_data_20260318_174848_real_3rd_B2_ica_mukamel_n_120,6,2.497049988669471,6.7675515086184985,True,6.237923772587937,104.233550361547,102.94338263974316,0.32805838447083824,True,1.4776930982608625,201.9562543130607,201.71622310900418,0.40437370606628903,True,6.7675515086184985,300.51906747877223,300.4590596777581,0.3530137361329091,0.09531850336460607,0.1148460180034815,0.054049209339980614,0.05596090719386736,Control
3rd_B2,3rd_B2_2,run_real_data_20260318_174848_real_3rd_B2_ica_mukamel_n_120,8,2.1172663648662744,5.936592772855179,True,5.936592772855179,105.25368297878724,104.29355816256113,1.0457672614695555,True,4.4251804072787975,201.83623871103242,201.65621530799004,0.6180671811561119,True,0.4421294460981085,353.8660025803354,347.3851600708092,1.1772843166092122,0.09531850336460607,0.1148460180034815,0.054049209339980614,0.05596090719386736,Control
3rd_B2,3rd_B2_3,run_real_data_20260318_174848_real_3rd_B2_ica_mukamel_n_120,6,2.7958257918932268,5.023933093837588,True,4.731246240681875,104.08353085901167,101.95325392301,1.4340982330433072,True,3.6310562922118574,200.4560592877074,198.98586816286118,1.7500423559745175,True,5.023933093837588,299.3489153589967,298.98886855291187,1.5765439188667683,0.09531850336460607,0.1148460180034815,0.054049209339980614,0.05596090719386736,Control
3rd_B2,3rd_B2_4,run_real_data_20260318_174848_real_3rd_B2_ica_mukamel_n_120,0,0.0,0.0,False,,,,,False,,,,,False,,,,,0.09531850336460607,0.1148460180034815,0.054049209339980614,0.05596090719386736,Control
3rd_B2,3rd_B2_5,run_real_data_20260318_174848_real_3rd_B2_ica_mukamel_n_120,0,0.0,0.0,False,,,,,False,,,,,False,,,,,0.09531850336460607,0.1148460180034815,0.054049209339980614,0.05596090719386736,Control
3rd_B2,3rd_B2_6,run_real_data_20260318_174848_real_3rd_B2_ica_mukamel_n_120,0,0.0,0.0,False,,,,,False,,,,,False,,,,,0.09531850336460607,0.1148460180034815,0.054049209339980614,0.05596090719386736,Control
3rd_B2,3rd_B2_7,run_real_data_20260318_174848_real_3rd_B2_ica_mukamel_n_120,0,0.0,0.0,False,,,,,False,,,,,False,,,,,0.09531850336460607,0.1148460180034815,0.054049209339980614,0.05596090719386736,Control
3rd_B2,3rd_B2_8,run_real_data_20260318_174848_real_3rd_B2_ica_mukamel_n_120,0,0.0,0.0,False,,,,,False,,,,,False,,,,,0.09531850336460607,0.1148460180034815,0.054049209339980614,0.05596090719386736,Control
3rd_A2,3rd_A2_0,run_real_data_20260318_174848_real_3rd_A2_start_KCl_ica_mukamel_n_120,4,3.2450076075941396,5.871325481764552,True,2.3700011244362837,105.86328992378323,104.33295324971493,0.37175401204677,True,5.871325481764552,199.27384024485386,199.03378743323532,0.13685390509072407,True,0.015292175188192364,385.67484846666264,333.37334213526975,0.453151208131443,0.10190572408469661,0.10817611666738698,0.0661802527356385,0.044564653299516775,Control
3rd_A2,3rd_A2_1,run_real_data_20260318_174848_real_3rd_A2_start_KCl_ica_mukamel_n_120,4,2.5727159066119674,4.159287123159634,True,1.1306193045991628,138.18039968793136,102.11246474224329,0.9756445786255538,True,4.159287123159634,200.29406469423273,199.7839524695433,0.14404582657443546,False,,,,,0.10190572408469661,0.10817611666738698,0.0661802527356385,0.044564653299516775,Control
3rd_A2,3rd_A2_2,run_real_data_20260318_174848_real_3rd_A2_start_KCl_ica_mukamel_n_120,7,1.6766598800739545,7.63109308704236,True,7.63109308704236,100.37208185800876,100.07201584348556,0.1591946364551426,True,3.0054878171641852,201.3142891436116,199.9339854768049,0.38164158953188876,True,0.34420507173061343,332.41313088879554,310.71835803876854,1.062161609284365,0.10190572408469661,0.10817611666738698,0.0661802527356385,0.044564653299516775,Control
3rd_A2,3rd_A2_3,run_real_data_20260318_174848_real_3rd_A2_start_KCl_ica_mukamel_n_120,2,5.5410390230228295,6.433706202309225,True,4.648371843736434,101.39230630738763,100.34207525655644,0.3086852539402282,True,6.433706202309225,201.4643221508732,200.3840844985897,0.10120430939150074,False,,,,,0.10190572408469661,0.10817611666738698,0.0661802527356385,0.044564653299516775,Control
3rd_A2,3rd_A2_4,run_real_data_20260318_174848_real_3rd_A2_start_KCl_ica_mukamel_n_120,0,0.0,0.0,False,,,,,False,,,,,False,,,,,0.10190572408469661,0.10817611666738698,0.0661802527356385,0.044564653299516775,Control
3rd_A2,3rd_A2_5,run_real_data_20260318_174848_real_3rd_A2_start_KCl_ica_mukamel_n_120,0,0.0,0.0,False,,,,,False,,,,,False,,,,,0.10190572408469661,0.10817611666738698,0.0661802527356385,0.044564653299516775,Control
3rd_A2,3rd_A2_6,run_real_data_20260318_174848_real_3rd_A2_start_KCl_ica_mukamel_n_120,0,0.0,0.0,False,,,,,False,,,,,False,,,,,0.10190572408469661,0.10817611666738698,0.0661802527356385,0.044564653299516775,Control
3rd_A2,3rd_A2_7,run_real_data_20260318_174848_real_3rd_A2_start_KCl_ica_mukamel_n_120,0,0.0,0.0,False,,,,,False,,,,,False,,,,,0.10190572408469661,0.10817611666738698,0.0661802527356385,0.044564653299516775,Control
3rd_A2,3rd_A2_8,run_real_data_20260318_174848_real_3rd_A2_start_KCl_ica_mukamel_n_120,0,0.0,0.0,False,,,,,False,,,,,False,,,,,0.10190572408469661,0.10817611666738698,0.0661802527356385,0.044564653299516775,Control
3rd_A2,3rd_A2_9,run_real_data_20260318_174848_real_3rd_A2_start_KCl_ica_mukamel_n_120,0,0.0,0.0,False,,,,,False,,,,,False,,,,,0.10190572408469661,0.10817611666738698,0.0661802527356385,0.044564653299516775,Control
3rd_A2,3rd_A2_10,run_real_data_20260318_174848_real_3rd_A2_start_KCl_ica_mukamel_n_120,0,0.0,0.0,False,,,,,False,,,,,False,,,,,0.10190572408469661,0.10817611666738698,0.0661802527356385,0.044564653299516775,Control
3rd_A2,3rd_A2_11,run_real_data_20260318_174848_real_3rd_A2_start_KCl_ica_mukamel_n_120,0,0.0,0.0,False,,,,,False,,,,,False,,,,,0.10190572408469661,0.10817611666738698,0.0661802527356385,0.044564653299516775,Control
3rd_A2,3rd_A2_12,run_real_data_20260318_174848_real_3rd_A2_start_KCl_ica_mukamel_n_120,0,0.0,0.0,False,,,,,False,,,,,False,,,,,0.10190572408469661,0.10817611666738698,0.0661802527356385,0.044564653299516775,Control
3rd_A2,3rd_A2_13,run_real_data_20260318_174848_real_3rd_A2_start_KCl_ica_mukamel_n_120,0,0.0,0.0,False,,,,,False,,,,,False,,,,,0.10190572408469661,0.10817611666738698,0.0661802527356385,0.044564653299516775,Control
3rd_A2,3rd_A2_14,run_real_data_20260318_174848_real_3rd_A2_start_KCl_ica_mukamel_n_120,0,0.0,0.0,False,,,,,False,,,,,False,,,,,0.10190572408469661,0.10817611666738698,0.0661802527356385,0.044564653299516775,Control
3rd_A2,3rd_A2_15,run_real_data_20260318_174848_real_3rd_A2_start_KCl_ica_mukamel_n_120,0,0.0,0.0,False,,,,,False,,,,,False,,,,,0.10190572408469661,0.10817611666738698,0.0661802527356385,0.044564653299516775,Control
3rd_A2,3rd_A2_16,run_real_data_20260318_174848_real_3rd_A2_start_KCl_ica_mukamel_n_120,0,0.0,0.0,False,,,,,False,,,,,False,,,,,0.10190572408469661,0.10817611666738698,0.0661802527356385,0.044564653299516775,Control
3rd_A2,3rd_A2_17,run_real_data_20260318_174848_real_3rd_A2_start_KCl_ica_mukamel_n_120,0,0.0,0.0,False,,,,,False,,,,,False,,,,,0.10190572408469661,0.10817611666738698,0.0661802527356385,0.044564653299516775,Control
3rd_A2,3rd_A2_18,run_real_data_20260318_174848_real_3rd_A2_start_KCl_ica_mukamel_n_120,2,4.9427918632034675,6.495134537842921,True,3.3904491885640153,105.92330312668787,102.05245153933865,0.4288585830000402,True,6.495134537842921,200.47410430294664,200.47410430294664,0.10385123058056318,False,,,,,0.10190572408469661,0.10817611666738698,0.0661802527356385,0.044564653299516775,Control
3rd_A2,3rd_A2_19,run_real_data_20260318_174848_real_3rd_A2_start_KCl_ica_mukamel_n_120,0,0.0,0.0,False,,,,,False,,,,,False,,,,,0.10190572408469661,0.10817611666738698,0.0661802527356385,0.044564653299516775,Control
3rd_A2,3rd_A2_20,run_real_data_20260318_174848_real_3rd_A2_start_KCl_ica_mukamel_n_120,0,0.0,0.0,False,,,,,False,,,,,False,,,,,0.10190572408469661,0.10817611666738698,0.0661802527356385,0.044564653299516775,Control
3rd_A2,3rd_A2_21,run_real_data_20260318_174848_real_3rd_A2_start_KCl_ica_mukamel_n_120,0,0.0,0.0,False,,,,,False,,,,,False,,,,,0.10190572408469661,0.10817611666738698,0.0661802527356385,0.044564653299516775,Control
3rd_A2,3rd_A2_22,run_real_data_20260318_174848_real_3rd_A2_start_KCl_ica_mukamel_n_120,0,0.0,0.0,False,,,,,False,,,,,False,,,,,0.10190572408469661,0.10817611666738698,0.0661802527356385,0.044564653299516775,Control
3rd_A2,3rd_A2_23,run_real_data_20260318_174848_real_3rd_A2_start_KCl_ica_mukamel_n_120,0,0.0,0.0,False,,,,,False,,,,,False,,,,,0.10190572408469661,0.10817611666738698,0.0661802527356385,0.044564653299516775,Control
3rd_A2,3rd_A2_24,run_real_data_20260318_174848_real_3rd_A2_start_KCl_ica_mukamel_n_120,0,0.0,0.0,False,,,,,False,,,,,False,,,,,0.10190572408469661,0.10817611666738698,0.0661802527356385,0.044564653299516775,Control
3rd_A2,3rd_A2_25,run_real_data_20260318_174848_real_3rd_A2_start_KCl_ica_mukamel_n_120,6,2.313441294069585,7.784274334317636,True,4.468081736720684,100.01200264058093,98.99177819120206,0.6018885754559574,True,7.784274334317636,201.55434195523014,201.37430234651623,1.015218858154796,True,0.32495554227446544,299.585908899958,299.4058692912441,0.5129515126706745,0.10190572408469661,0.10817611666738698,0.0661802527356385,0.044564653299516775,Control
3rd_A2,3rd_A2_26,run_real_data_20260318_174848_real_3rd_A2_start_KCl_ica_mukamel_n_120,3,3.595442067616602,6.550363102159827,True,3.582772686478582,99.9819960391286,98.99177819120206,0.40897107135605393,True,6.550363102159827,202.0944607813719,200.68415051311288,0.8556763152944793,True,0.6531904142113965,334.6636259977195,311.9186220968613,1.10840600026976,0.10190572408469661,0.10817611666738698,0.0661802527356385,0.044564653299516775,Control
3rd_A2,3rd_A2_27,run_real_data_20260318_174848_real_3rd_A2_start_KCl_ica_mukamel_n_120,2,5.9149108054554596,6.111133388315503,True,6.111133388315503,105.65324371361699,103.13268919162215,0.41416741382605826,True,5.718688222595416,200.7441637160175,198.97377423033066,0.9308349320036007,False,,,,,0.10190572408469661,0.10817611666738698,0.0661802527356385,0.044564653299516775,Control
3rd_A2,3rd_A2_28,run_real_data_20260318_174848_real_3rd_A2_start_KCl_ica_mukamel_n_120,4,2.7287395366229243,6.608061655305973,True,4.186019134579877,103.61279481485927,99.02178479265439,0.3732860290455553,True,6.608061655305973,201.4643221508732,201.40430894796856,0.15909183843386637,True,0.08447830988085092,368.3610394286743,335.62383724419374,0.5552826270815362,0.10190572408469661,0.10817611666738698,0.0661802527356385,0.044564653299516775,Control
3rd_A2,3rd_A2_29,run_real_data_20260318_174848_real_3rd_A2_start_KCl_ica_mukamel_n_120,2,5.076390457542379,5.598484080650896,True,5.598484080650896,104.63301926423813,100.37208185800876,0.5309462475913398,True,4.554296834433862,201.914421172658,200.3840844985897,0.12131383363089543,False,,,,,0.10190572408469661,0.10817611666738698,0.0661802527356385,0.044564653299516775,Control
3rd_B1,3rd_B1_0,run_real_data_20260318_174848_real_3rd_B1_ica_mukamel_n_120,5,2.785690834489057,7.924844015595015,True,4.653538954997988,102.78494688193985,101.2544265050117,0.29950778540179723,True,7.924844015595015,199.5378428665746,199.1177000180061,0.3118794082033037,True,1.1778388019583779,302.8929836144289,299.98199387791846,0.21179221212228364,0.08633657623243707,0.10430558266875288,0.07521060520351187,0.08775935470005387,Cytokine
3rd_B1,3rd_B1_1,run_real_data_20260318_174848_real_3rd_B1_ica_mukamel_n_120,5,2.4521738203749037,3.725946196271402,True,3.496450448113504,102.1247224056179,100.2340795870596,0.7486443861852218,True,3.725946196271402,199.6878938839205,199.20773062841366,0.06387890499682501,True,1.0809176400263878,301.5425244583158,299.98199387791846,0.1322459875699011,0.08633657623243707,0.10430558266875288,0.07521060520351187,0.08775935470005387,Cytokine
3rd_B1,3rd_B1_2,run_real_data_20260318_174848_real_3rd_B1_ica_mukamel_n_120,4,2.713069943461808,6.790837104294523,True,1.8379137546592708,102.54486525418642,98.97365104135405,0.454029421299472,True,6.790837104294523,201.48850609207128,200.43814897065,0.19090384352534198,True,1.732797628405354,301.9926775103535,300.2220755056719,0.1655765480562644,0.08633657623243707,0.10430558266875288,0.07521060520351187,0.08775935470005387,Cytokine
3rd_B1,3rd_B1_3,run_real_data_20260318_174848_real_3rd_B1_ica_mukamel_n_120,6,2.4709548055631303,8.088646275623802,True,8.088646275623802,103.17507952703919,100.32411019746714,0.18093677445176118,True,4.5786750867045125,200.1680571394274,199.267751035352,0.2340906046076242,True,1.7023498791537581,303.25310605605904,299.2017285877198,0.21590442538034343,0.08633657623243707,0.10430558266875288,0.07521060520351187,0.08775935470005387,Cytokine
3rd_B1,3rd_B1_4,run_real_data_20260318_174848_real_3rd_B1_ica_mukamel_n_120,0,0.0,0.0,False,,,,,False,,,,,False,,,,,0.08633657623243707,0.10430558266875288,0.07521060520351187,0.08775935470005387,Cytokine
3rd_B1,3rd_B1_5,run_real_data_20260318_174848_real_3rd_B1_ica_mukamel_n_120,0,0.0,0.0,False,,,,,False,,,,,False,,,,,0.08633657623243707,0.10430558266875288,0.07521060520351187,0.08775935470005387,Cytokine
3rd_B1,3rd_B1_6,run_real_data_20260318_174848_real_3rd_B1_ica_mukamel_n_120,0,0.0,0.0,False,,,,,False,,,,,False,,,,,0.08633657623243707,0.10430558266875288,0.07521060520351187,0.08775935470005387,Cytokine
3rd_B1,3rd_B1_7,run_real_data_20260318_174848_real_3rd_B1_ica_mukamel_n_120,0,0.0,0.0,False,,,,,False,,,,,False,,,,,0.08633657623243707,0.10430558266875288,0.07521060520351187,0.08775935470005387,Cytokine
3rd_B1,3rd_B1_8,run_real_data_20260318_174848_real_3rd_B1_ica_mukamel_n_120,0,0.0,0.0,False,,,,,False,,,,,False,,,,,0.08633657623243707,0.10430558266875288,0.07521060520351187,0.08775935470005387,Cytokine
3rd_B1,3rd_B1_9,run_real_data_20260318_174848_real_3rd_B1_ica_mukamel_n_120,0,0.0,0.0,False,,,,,False,,,,,False,,,,,0.08633657623243707,0.10430558266875288,0.07521060520351187,0.08775935470005387,Cytokine
3rd_B1,3rd_B1_10,run_real_data_20260318_174848_real_3rd_B1_ica_mukamel_n_120,0,0.0,0.0,False,,,,,False,,,,,False,,,,,0.08633657623243707,0.10430558266875288,0.07521060520351187,0.08775935470005387,Cytokine
3rd_B1,3rd_B1_11,run_real_data_20260318_174848_real_3rd_B1_ica_mukamel_n_120,0,0.0,0.0,False,,,,,False,,,,,False,,,,,0.08633657623243707,0.10430558266875288,0.07521060520351187,0.08775935470005387,Cytokine
3rd_B1,3rd_B1_12,run_real_data_20260318_174848_real_3rd_B1_ica_mukamel_n_120,6,2.205636668218976,5.017744901548466,True,5.017744901548466,101.67456935358021,101.19440609807333,0.872024452878625,True,1.9593656089444098,200.2580877498349,199.23774083188283,0.9705611024966209,True,3.22581336758442,303.40315707340494,300.70223876117876,2.074338754074331,0.08633657623243707,0.10430558266875288,0.07521060520351187,0.08775935470005387,Cytokine
3rd_B1,3rd_B1_13,run_real_data_20260318_174848_real_3rd_B1_ica_mukamel_n_120,0,0.0,0.0,False,,,,,False,,,,,False,,,,,0.08633657623243707,0.10430558266875288,0.07521060520351187,0.08775935470005387,Cytokine
3rd_B1,3rd_B1_14,run_real_data_20260318_174848_real_3rd_B1_ica_mukamel_n_120,0,0.0,0.0,False,,,,,False,,,,,False,,,,,0.08633657623243707,0.10430558266875288,0.07521060520351187,0.08775935470005387,Cytokine
3rd_B1,3rd_B1_15,run_real_data_20260318_174848_real_3rd_B1_ica_mukamel_n_120,6,2.677889373273459,7.432456251173641,True,7.432456251173641,100.41414080787467,100.35412040093631,1.7484837999461769,True,2.5949115055881173,205.35982233959544,203.25910809675287,1.6474193684427059,True,2.374712742813512,299.53184082588075,299.14170818078145,1.3770573661598613,0.08633657623243707,0.10430558266875288,0.07521060520351187,0.08775935470005387,Cytokine
3rd_B1,3rd_B1_16,run_real_data_20260318_174848_real_3rd_B1_ica_mukamel_n_120,0,0.0,0.0,False,,,,,False,,,,,False,,,,,0.08633657623243707,0.10430558266875288,0.07521060520351187,0.08775935470005387,Cytokine
3rd_B1,3rd_B1_17,run_real_data_20260318_174848_real_3rd_B1_ica_mukamel_n_120,5,2.7178571777060734,6.767971852052259,True,3.4587668562333618,101.85463057439529,100.26408979052877,0.710361700704079,True,6.767971852052259,201.09837344697195,199.5378428665746,0.4588494126845906,True,2.6180495875227106,302.3527999519836,299.68189184322665,0.34996249977008287,0.08633657623243707,0.10430558266875288,0.07521060520351187,0.08775935470005387,Cytokine
3rd_B1,3rd_B1_18,run_real_data_20260318_174848_real_3rd_B1_ica_mukamel_n_120,3,4.709795074264393,8.085058909081047,True,3.4250068393698623,101.28443670848087,99.69389592461437,0.3965502303737254,True,8.085058909081047,201.3084448712562,200.64822039493427,0.08804374454962752,True,2.61931947434227,301.7826060860692,299.0516775703739,0.09605593425347814,0.08633657623243707,0.10430558266875288,0.07521060520351187,0.08775935470005387,Cytokine
3rd_B1,3rd_B1_19,run_real_data_20260318_174848_real_3rd_B1_ica_mukamel_n_120,2,5.075613888192411,8.79343766161214,True,1.3577901147726812,101.79461016745692,99.57385511073764,0.09071668552242687,True,8.79343766161214,201.66856731288635,201.66856731288635,0.10636611414527782,False,,,,,0.08633657623243707,0.10430558266875288,0.07521060520351187,0.08775935470005387,Cytokine
5th_A3,5th_A3_0,run_real_data_20260318_174848_real_5th_A3_ica_mukamel_n_120,3,5.091976394615857,5.58957178085617,True,5.138573252565768,101.99243833643402,101.12224689431675,0.4088653608199178,True,4.547784150425632,199.9639920782572,199.15381383904457,0.11686808079074998,True,5.58957178085617,299.9159815159335,299.1358098781732,0.219987202311647,0.09510996119260082,0.12400142311172907,0.047494420465207424,0.07935305727802015,Control
5th_A3,5th_A3_1,run_real_data_20260318_174848_real_5th_A3_ica_mukamel_n_120,0,0.0,0.0,False,,,,,False,,,,,False,,,,,0.09510996119260082,0.12400142311172907,0.047494420465207424,0.07935305727802015,Control
5th_A3,5th_A3_2,run_real_data_20260318_174848_real_5th_A3_ica_mukamel_n_120,0,0.0,0.0,False,,,,,False,,,,,False,,,,,0.09510996119260082,0.12400142311172907,0.047494420465207424,0.07935305727802015,Control
5th_A3,5th_A3_3,run_real_data_20260318_174848_real_5th_A3_ica_mukamel_n_120,8,2.2175451329772295,5.543176492563605,True,3.390566394841712,102.08245814079098,100.76216767688891,1.8203648738515439,True,1.5971628649795275,226.87991358098782,202.3945267958951,3.2872204215365857,True,2.5191158545094563,369.08119786352995,367.55086118946167,2.9277558420092165,0.09510996119260082,0.12400142311172907,0.047494420465207424,0.07935305727802015,Control
5th_A3,5th_A3_4,run_real_data_20260318_174848_real_5th_A3_ica_mukamel_n_120,7,2.19359677716619,5.310195790204957,True,5.310195790204957,101.72237892336314,99.2018244013683,2.2308383317810874,True,4.220666764569926,199.33385344775851,199.33385344775851,1.2677910957333423,True,0.9649521570815632,380.84378563283923,311.55854287943345,2.5636409307055104,0.09510996119260082,0.12400142311172907,0.047494420465207424,0.07935305727802015,Control
5th_A3,5th_A3_5,run_real_data_20260318_174848_real_5th_A3_ica_mukamel_n_120,3,1.4886600108248091,4.307252535769371,True,0.004672959177846495,153.87385224749445,146.2521754786053,0.49962604561842894,True,0.15405453752720952,200.59413070875593,200.44409770149431,0.2433804162671772,False,,,,,0.09510996119260082,0.12400142311172907,0.047494420465207424,0.07935305727802015,Control
2nd_B2,2nd_B2_0,run_real_data_20260318_174848_real_2nd_B2_ica_mukamel_n_120,6,2.1673789153052896,8.699063073811613,True,8.699063073811613,102.17795644087117,99.77800443991119,0.456785597975003,True,2.739324899364002,199.8560028799424,199.7660046799064,0.22371773098117342,True,0.9660475151534826,303.47393052138955,300.80398392032157,0.3133005815295654,0.15834717275132132,0.13435428021104323,0.1535801616125719,0.07686300208858934,Cytokine
2nd_B2,2nd_B2_1,run_real_data_20260318_174848_real_2nd_B2_ica_mukamel_n_120,4,2.626743535844303,4.320613301285644,True,3.4221453387438925,102.14795704085917,99.2380152396952,0.852452535901053,False,,,,,True,0.45563880161912174,300.9239815203696,300.59398812023755,0.1546887752743398,0.15834717275132132,0.13435428021104323,0.1535801616125719,0.07686300208858934,Cytokine
2nd_B2,2nd_B2_2,run_real_data_20260318_174848_real_2nd_B2_ica_mukamel_n_120,0,0.0,0.0,False,,,,,False,,,,,False,,,,,0.15834717275132132,0.13435428021104323,0.1535801616125719,0.07686300208858934,Cytokine
2nd_B2,2nd_B2_3,run_real_data_20260318_174848_real_2nd_B2_ica_mukamel_n_120,0,0.0,0.0,False,,,,,False,,,,,False,,,,,0.15834717275132132,0.13435428021104323,0.1535801616125719,0.07686300208858934,Cytokine
2nd_B2,2nd_B2_4,run_real_data_20260318_174848_real_2nd_B2_ica_mukamel_n_120,7,2.306498006388955,7.375342998140649,True,7.375342998140649,103.01793964120716,102.44795104097918,0.9139026596067167,True,1.2106380337186016,221.2455750884982,215.30569388612227,1.8431945621009629,True,3.6905520821344537,301.28397432051355,300.9239815203696,0.8425124542548725,0.15834717275132132,0.13435428021104323,0.1535801616125719,0.07686300208858934,Cytokine
2nd_B2,2nd_B2_5,run_real_data_20260318_174848_real_2nd_B2_ica_mukamel_n_120,6,2.4025344605653673,6.729945472851279,True,4.810411653580314,101.69796604067918,98.9980200395992,0.20046719755467998,False,,,,,True,6.729945472851279,301.43397132057356,300.3539929201416,0.297163637057431,0.15834717275132132,0.13435428021104323,0.1535801616125719,0.07686300208858934,Cytokine
